{
	"appVersion": "RTK330LA INS 24.00",
	"type": "openrtk",
    "description": "6-axis OpenRTK with INS application",
    "initial":{
        "useDefaultUart": 1,
        "uart":[
            {
                "name": "GNSS",
                "value": "com10",
                "enable": 0
            },
            {
                "name": "DEBUG",
                "value": "com11",
                "enable": 0 
            },
            {
                "name": "SDK",
                "value": "com12",
                "enable": 0 
            }
        ],
        "userParameters": [
            {
                "paramId": 2,
                "name": "S2 rate",
                "value": 200
            },
            {
                "paramId": 3,
                "name": "gN rate",
                "value": 255
            },
            {
                "paramId": 4,
                "name": "iN rate",
                "value": 100
            },
            {
                "paramId": 5,
                "name": "iS rate",
                "value": 10
            },
            {
                "paramId": 6,
                "name": "sT rate",
                "value": 10
            },
            {
                "paramId": 7,
                "name": "iB rate",
                "value": 10
            },
            {
                "paramId": 8,
                "name": "RM rate",
                "value": 100
            },
            {
                "paramId": 9,
                "name": "rR rate",
                "value": 255
            },
            {
                "paramId": 10,
                "name": "pvt rate",
                "value": 255
            },
            {
                "paramId": 11,
                "name": "nmea rate",
                "value": 1
            },
            {
                "paramId": 12,
                "name": "odo rate",
                "value": 255
            },
            {
                "paramId": 13,
                "name": "movbs rate",
                "value": 255
            },
            {
                "paramId": 14,
                "name": "heading rate",
                "value": 255
            },               
            {
                "paramId": 15,
                "name": "S2 port",
                "value": 1
            },
            {
                "paramId": 16,
                "name": "gN port",
                "value": 1
            },
            {
                "paramId": 17,
                "name": "iN port",
                "value": 1
            },
            {
                "paramId": 18,
                "name": "iS port",
                "value": 1
            },
            {
                "paramId": 19,
                "name": "sT port",
                "value": 1
            },
            {
                "paramId": 20,
                "name": "iB port",
                "value": 1
            },
            {
                "paramId": 21,
                "name": "RM port",
                "value": 1
            },
            {
                "paramId": 22,
                "name": "rR port",
                "value": 3
            },
            {
                "paramId": 23,
                "name": "pvt port",
                "value": 1
            },
            {
                "paramId": 24,
                "name": "nmea port",
                "value": 1
            }, 
            {
                "paramId": 25,
                "name": "odo port",
                "value": 1
            },
            {
                "paramId": 26,
                "name": "movbs port",
                "value": 1
            },
            {
                "paramId": 27,
                "name": "heading port",
                "value": 1
            },
            {
                "paramId": 28,
                "name": "pri lever arm x",
                "value": 2.5
            },
            {
                "paramId": 29,
                "name": "pri lever arm y",
                "value": -0.24
            },
            {
                "paramId": 30,
                "name": "pri lever arm z",
                "value": -0.9
            },
            {
                "paramId": 31,
                "name": "vrp lever arm x",
                "value": 0.0
            },
            {
                "paramId": 32,
                "name": "vrp lever arm y",
                "value": 0.0
            },
            {
                "paramId": 33,
                "name": "vrp lever arm z",
                "value": 0.0
            },
            {
                "paramId": 34,
                "name": "user lever arm x",
                "value": 1.19
            },
            {
                "paramId": 35,
                "name": "user lever arm y",
                "value": -0.24
            },
            {
                "paramId": 36,
                "name": "user lever arm z",
                "value": -0.9
            },
            {
                "paramId": 37,
                "name": "rotation rbvx",
                "value": 0.0
            },
            {
                "paramId": 38,
                "name": "rotation rbvy",
                "value": 0.0
            },
            {
                "paramId": 39,
                "name": "rotation rbvz",
                "value": 0.0
            },
            {
                "paramId": 40,
                "name": "second lever arm x",
                "value": 0.0
            },
            {
                "paramId": 41,
                "name": "second lever arm y",
                "value": 0.0
            },
            {
                "paramId": 42,
                "name": "second lever arm z",
                "value": 0.0
            },
            {
                "paramId": 43,
                "name": "rotation align x",
                "value": 0.0
            },
            {
                "paramId": 44,
                "name": "rotation align y",
                "value": 0.0
            },
            {
                "paramId": 45,
                "name": "rotation align z",
                "value": 0.0
            },
			{
				"paramId": 46,
				"name": "nhc_enable",
				"value": 1
			},
			{
				"paramId": 47,
				"name": "odo_enable",
				"value": 1
			},
			{
				"paramId": 48,
				"name": "cali_enable",
				"value": 1
			},
			{
				"paramId": 49,
				"name": "baseline length",
				"value": 0.8
			},
			{
				"paramId": 50,
				"name": "heading calibration",
				"value": 0.0
			},
            {
                "paramId": 51,
                "name": "master_slave_type",
                "value": 1
            }
		]
    },
	"userConfiguration": [
		{
			"paramId": 0,
			"category": "General",
			"paramType": "disabled",
			"type": "uint16",
			"name": "Data CRC"
		},
		{
			"paramId": 1,
			"category": "General",
			"paramType": "disabled",
			"type": "uint16",
			"name": "Data Size"
		},
        {
			"paramId": 2,
			"category": "General",
			"paramType": "input",
			"type": "uint8",
			"name": "RAWIMU Packet Rate",
			"argument": "S2"
		},
        {
			"paramId": 3,
			"category": "General",
			"paramType": "input",
			"type": "uint8",
			"name": "BESTGNSS Packet Rate",
			"argument": "gN"
		},
        {
			"paramId": 4,
			"category": "General",
			"paramType": "input",
			"type": "uint8",
			"name": "INSPVA Packet Rate",
			"argument": "iN"
		},
        {
			"paramId": 5,
			"category": "General",
			"paramType": "input",
			"type": "uint8",
			"name": "INSSTD Packet Rate",
			"argument": "iS"
		},
        {
			"paramId": 6,
			"category": "General",
			"paramType": "input",
			"type": "uint8",
			"name": "RUNSTATUS Packet Rate",
			"argument": "sT"
		},
        {
			"paramId": 7,
			"category": "General",
			"paramType": "input",
			"type": "uint8",
			"name": "INSBIAS Packet Rate",
			"argument": "iB"
		},
        {
			"paramId": 8,
			"category": "General",
			"paramType": "input",
			"type": "uint8",
			"name": "MONITOR Packet Rate",
			"argument": "RM"
		},
        {
			"paramId": 9,
			"category": "General",
			"paramType": "input",
			"type": "uint8",
			"name": "ROVER RTCM Packet Rate",
			"argument": "rR"
		},
        {
			"paramId": 10,
			"category": "General",
			"paramType": "input",
			"type": "uint8",
			"name": "PVT Packet Rate",
			"argument": "pv"
		},
        {
			"paramId": 11,
			"category": "General",
			"paramType": "input",
			"type": "uint8",
			"name": "NMEA Packet Rate",
			"argument": "nm"
		},
        {
			"paramId": 12,
			"category": "General",
			"paramType": "input",
			"type": "uint8",
			"name": "odo Packet Rate",
			"argument": "odo"
		},
        {
			"paramId": 13,
			"category": "General",
			"paramType": "input",
			"type": "uint8",
			"name": "movbs Packet Rate",
			"argument": "MB"
		},
        {
			"paramId": 14,
			"category": "General",
			"paramType": "input",
			"type": "uint8",
			"name": "heading Packet Rate",
			"argument": "HS"
		},
        {
			"paramId": 15,
			"category": "General",
			"paramType": "input",
			"type": "uint8",
			"name": "RAWIMU Packet Port",
			"argument": "S2"
		},
        {
			"paramId": 16,
			"category": "General",
			"paramType": "input",
			"type": "uint8",
			"name": "BESTGNSS Packet Port",
			"argument": "gN"
		},
        {
			"paramId": 17,
			"category": "General",
			"paramType": "input",
			"type": "uint8",
			"name": "INSPVA Packet Port",
			"argument": "iN"
		},
        {
			"paramId": 18,
			"category": "General",
			"paramType": "input",
			"type": "uint8",
			"name": "INSSTD Packet Port",
			"argument": "iS"
		},
        {
			"paramId": 19,
			"category": "General",
			"paramType": "input",
			"type": "uint8",
			"name": "RUNSTATUS Packet Port",
			"argument": "sT"
		},
        {
			"paramId": 20,
			"category": "General",
			"paramType": "input",
			"type": "uint8",
			"name": "INSBIAS Packet Port",
			"argument": "iS"
		},
        {
			"paramId": 21,
			"category": "General",
			"paramType": "input",
			"type": "uint8",
			"name": "MONITOR Packet Port",
			"argument": "RM"
		},
        {
			"paramId": 22,
			"category": "General",
			"paramType": "input",
			"type": "uint8",
			"name": "ROVER RTCM Packet Port",
			"argument": "rR"
		},
        {
			"paramId": 23,
			"category": "General",
			"paramType": "input",
			"type": "uint8",
			"name": "PVT Packet Port",
			"argument": "pv"
		},     
        {
			"paramId": 24,
			"category": "General",
			"paramType": "input",
			"type": "uint8",
			"name": "NMEA Packet Port",
			"argument": "nm"
		},
        {
			"paramId": 25,
			"category": "General",
			"paramType": "input",
			"type": "uint8",
			"name": "odo Packet Port",
			"argument": "nm"
		},
        {
			"paramId": 26,
			"category": "General",
			"paramType": "input",
			"type": "uint8",
			"name": "movbs Packet Port",
			"argument": "nm"
		},
        {
			"paramId": 27,
			"category": "General",
			"paramType": "input",
			"type": "uint8",
			"name": "heading Packet Port",
			"argument": "nm"
		},
		{
			"paramId": 28,
			"category": "INS",
			"paramType": "input",
			"type": "float",
			"name": "pri lever arm x",
			"value_accuracy": 4
		},
		{
			"paramId": 29,
			"category": "INS",
			"paramType": "input",
			"type": "float",
			"name": "pri lever arm y",
			"value_accuracy": 4
		},
		{
			"paramId": 30,
			"category": "INS",
			"paramType": "input",
			"type": "float",
			"name": "pri lever arm z",
			"value_accuracy": 4
		},
        {
			"paramId": 31,
			"category": "INS",
			"paramType": "input",
			"type": "float",
			"name": "vrp lever arm x",
			"value_accuracy": 4
		},
		{
			"paramId": 32,
			"category": "INS",
			"paramType": "input",
			"type": "float",
			"name": "vrp lever arm y",
			"value_accuracy": 4
		},
		{
			"paramId": 33,
			"category": "INS",
			"paramType": "input",
			"type": "float",
			"name": "vrp lever arm z",
			"value_accuracy": 4
		},
        {
			"paramId": 34,
			"category": "INS",
			"paramType": "input",
			"type": "float",
			"name": "user lever arm x",
			"value_accuracy": 4
		},
		{
			"paramId": 35,
			"category": "INS",
			"paramType": "input",
			"type": "float",
			"name": "user lever arm y",
			"value_accuracy": 4
		},
		{
			"paramId": 36,
			"category": "INS",
			"paramType": "input",
			"type": "float",
			"name": "user lever arm z",
			"value_accuracy": 4
		},
        {
			"paramId": 37,
			"category": "INS",
			"paramType": "input",
			"type": "float",
			"name": "rotation rbvx",
			"value_accuracy": 4
		},
		{
			"paramId": 38,
			"category": "INS",
			"paramType": "input",
			"type": "float",
			"name": "rotation rbvy",
			"value_accuracy": 4
		},
		{
			"paramId": 39,
			"category": "INS",
			"paramType": "input",
			"type": "float",
			"name": "rotation rbvz",
			"value_accuracy": 4
		},
		{
			"paramId": 40,
			"category": "INS",
			"paramType": "input",
			"type": "float",
			"name": "second lever arm x",
			"value_accuracy": 4
		},
		{
			"paramId": 41,
			"category": "INS",
			"paramType": "input",
			"type": "float",
			"name": "second lever arm y",
			"value_accuracy": 4
		},
		{
			"paramId": 42,
			"category": "INS",
			"paramType": "input",
			"type": "float",
			"name": "second lever arm z",
			"value_accuracy": 4
		},
		{
			"paramId": 43,
			"category": "INS",
			"paramType": "input",
			"type": "float",
			"name": "rotation align x",
			"value_accuracy": 4
		},
		{
			"paramId": 44,
			"category": "INS",
			"paramType": "input",
			"type": "float",
			"name": "rotation align y",
			"value_accuracy": 4
		},
		{
			"paramId": 45,
			"category": "INS",
			"paramType": "input",
			"type": "float",
			"name": "rotation align z",
			"value_accuracy": 4
		},
		{
			"paramId": 46,
			"category": "INS",
			"paramType": "input",
			"name": "nhc_enable",
			"type": "uint8",
			"value_accuracy": 1
		},
		{
			"paramId": 47,
			"category": "INS",
			"paramType": "input",
			"name": "odo_enable",
			"type": "uint8",
			"value_accuracy": 1
		},
		{
			"paramId": 48,
			"category": "INS",
			"paramType": "input",
			"name": "cali_enable",
			"type": "uint8",
			"value_accuracy": 1
		},
		{
			"paramId": 49,
			"category": "INS",
			"paramType": "input",
			"name": "baseline length",
			"type": "float",
			"value_accuracy": 4
		},
		{
			"paramId": 50,
			"category": "INS",
			"paramType": "input",
			"name": "heading calibration",
			"type": "float",
			"value_accuracy": 4
		},
		{
			"paramId": 51,
			"category": "type",
			"paramType": "input",
			"type": "uint8",
			"name": "master_slave_type",
			"value_accuracy": 1
		}
	],
	"userMessages": {
		"inputPackets": [
			{
				"name": "pG",
				"description": "Get device serial number & factory ID",
				"inputPayload": {},
				"responsePayload": {
					"type": "string",
					"name": "Device ID and SN"
				}
			},
			{
				"name": "gV",
				"description": "Get user app version",
				"inputPayload": {},
				"responsePayload": {
					"type": "string",
					"name": "User Version"
				}
			},
			{
				"name": "gA",
				"description": "Get All Configuration Parameters",
				"inputPayload": {},
				"responsePayload": {
					"type": "userConfiguration",
					"name": "Full Current Configuration"
				}
            },
            {
				"name": "sC",
				"description": "Save Conifguration Parameters to Flash",
				"inputPayload": {},
				"responsePayload": {}
			},			
			{
				"name": "uP",
				"description": "Update Configuration Parameter",
				"inputPayload": {
					"type": "userParameter",
					"name": "Parameter to be Updated"
				},
				"responsePayload": {
					"type": "paramId",
					"name": "ID of the Updated Parameter"
				}
			}
		],
		"outputPackets": [
            {
                "name": "S2",
                "isList": 0,
                "payload": [
                    {
                        "type": "uint32",
                        "name": "GPS_Week",
                        "unit": ""
                    },
                    {
                        "type": "double",
                        "name": "GPS_TimeofWeek",
                        "unit": "sec"
                    },
                    {
                        "type": "float",
                        "name": "x_accel",
                        "unit": "m/s^2"
                    },
                    {
                        "type": "float",
                        "name": "y_accel",
                        "unit": "m/s^2"
                    },
                    {
                        "type": "float",
                        "name": "z_accel",
                        "unit": "m/s^2"
                    },
                    {
                        "type": "float",
                        "name": "x_rate",
                        "unit": "deg/s"
                    },
                    {
                        "type": "float",
                        "name": "y_rate",
                        "unit": "deg/s"
                    },
                    {
                        "type": "float",
                        "name": "z_rate",
                        "unit": "deg/s"
                    }
                ],
				"graphs": [
					{
						"name": "Acceleration",
						"units": "m/s^2",
						"xAxis": {"name":"GPS_TimeofWeek", "unit":"sec"},
						"yAxes": [
							"x_accel",
							"y_accel",
							"z_accel"
						],
						"colors": [
							"#FF0000",
							"#00FF00",
							"#0000FF"
						],
						"yMax": 20
					},
					{
						"name": "Angular-Rate",
						"units": "deg/s",
						"xAxis": {"name":"GPS_TimeofWeek", "unit":"sec"},
						"yAxes": [
							"x_rate",
							"y_rate",
							"z_rate"
						],
						"colors": [
							"#FF0000",
							"#00FF00",
							"#0000FF"
						],
						"yMax": 200
					}
				]
            },
            {
				"name": "iN",
                "isList": 0,
				"payload": [
					{
						"type": "uint32",
						"name": "GPS_Week",
						"unit": ""
					},
					{
						"type": "double",
						"name": "GPS_TimeofWeek",
						"unit": "sec"
                    },
                    {
						"type": "uint8",
						"name": "insStatus",
						"unit": ""
                    },
                    {
						"type": "uint8",
						"name": "insPositionType",
						"unit": ""
                    },
					{
						"type": "int32",
						"name": "latitude",
						"unit": "deg"
					},
					{
						"type": "int32",
						"name": "longitude",
						"unit": "deg"
					},
					{
						"type": "float",
						"name": "height",
						"unit": "m"
                    },
                    {
						"type": "int16",
						"name": "velocityNorth",
						"unit": "m/s"
					},
					{
						"type": "int16",
						"name": "velocityEast",
						"unit": "m/s"
					},
					{
						"type": "int16",
						"name": "velocityUp",
						"unit": "m/s"
					},
					{
						"type": "int16",
						"name": "roll",
						"unit": "m/s"
					},
					{
						"type": "int16",
						"name": "pitch",
						"unit": "m/s"
					},
					{
						"type": "int16",
						"name": "heading",
						"unit": "m/s"
                    }
				],
				"graphs": []
            },
            {
				"name": "d1",
				"isList": 0,
				"payload": [
					{
						"type": "uint32",
						"name": "GPS_Week",
						"unit": ""
					},
					{
						"type": "double",
						"name": "GPS_TimeofWeek",
						"unit": "sec"
                    },
                    {
						"type": "int16",
						"name": "latitude_std",
						"unit": ""
					},
					{
						"type": "int16",
						"name": "longitude_std",
						"unit": ""
					},
					{
						"type": "int16",
						"name": "height_std",
						"unit": ""
                    },
                    {
						"type": "int16",
						"name": "north_vel_std",
						"unit": ""
					},
					{
						"type": "int16",
						"name": "east_vel_std",
						"unit": ""
					},
					{
						"type": "int16",
						"name": "up_vel_std",
						"unit": ""
                    },
                    {
						"type": "int16",
						"name": "roll_std",
						"unit": ""
					},
					{
						"type": "int16",
						"name": "pitch_std",
						"unit": ""
					},
					{
						"type": "int16",
						"name": "heading_std",
						"unit": ""
					}
				],
				"graphs": []
            },
            {
				"name": "gN",
				"isList": 0,
				"payload": [
					{
						"type": "uint32",
						"name": "GPS_Week",
						"unit": ""
					},
					{
						"type": "double",
						"name": "GPS_TimeofWeek",
						"unit": "sec"
                    },
                    {
						"type": "uint8",
						"name": "positionMode",
						"unit": ""
					},
					{
						"type": "int32",
						"name": "latitude",
						"unit": "deg"
					},
					{
						"type": "int32",
						"name": "longitude",
						"unit": "deg"
					},
					{
						"type": "float",
						"name": "height",
						"unit": "m"
                    },
                    {
                        "type": "uint8",
						"name": "numberOfSVs",
						"unit": ""
                    },
					{
						"type": "float",
						"name": "hdop",
						"unit": ""
                    },
                    {
						"type": "uint16",
						"name": "diffage",
						"unit": ""
                    },
                    {
						"type": "int16",
						"name": "velocityNorth",
						"unit": "m/s"
					},
					{
						"type": "int16",
						"name": "velocityEast",
						"unit": "m/s"
					},
					{
						"type": "int16",
						"name": "velocityUp",
						"unit": "m/s"
					}
				],
				"graphs": []
			},
            {
				"name": "sT",
				"isList": 0,
				"payload": [
					{
						"type": "uint32",
						"name": "GPS_Week",
						"unit": ""
					},
					{
						"type": "double",
						"name": "GPS_TimeofWeek",
						"unit": "sec"
					},
					{
						"type": "uint16",
						"name": "year",
						"unit": ""
					},
					{
						"type": "uint8",
						"name": "mouth",
						"unit": ""
					},
					{
						"type": "uint8",
						"name": "day",
						"unit": ""
					},
					{
						"type": "uint8",
						"name": "hour",
						"unit": ""
					},
					{
						"type": "uint8",
						"name": "min",
						"unit": ""
					},
					{
						"type": "uint8",
						"name": "sec",
						"unit": ""
					},

					{
						"type": "uint32",
						"name": "imu_status",
						"unit": ""
					},
					{
						"type": "float",
						"name": "imu_temperature",
						"unit": "sec"
                    },
                    {
						"type": "float",
						"name": "mcu_temperature",
						"unit": ""
					}
				],
				"graphs": []
			}
		]
	},
    "CLICommands": [
		{
			"name": "help",
			"description": "CLI help menu",
			"function": "help_handler"
		},
		{
			"name": "exit",
			"description": "exit CLI",
			"function": ""
		}
	]
}
