{
	"appVersion": "OpenIMU300ZI IMU 04.01.04",
	"description": "9-axis OpenIMU with triaxial rate, acceleration, and magnetic measurement",
	"userConfiguration": [
        { "paramId": 0,  "category": "General", "paramType": "disabled", "type": "uint64", "name": "Data CRC" },
		{ "paramId": 1,  "category": "General", "paramType": "disabled", "type": "uint64", "name": "Data Size" },
		{ "paramId": 2,  "category": "General", "paramType": "select",   "type": "int64",  "name": "Baud Rate",       "argument": "baud_rate",       "value_range":[-1,1], "value_accuracy":6, "options": [115200, 57600, 230400, 38400,0] },
		{ "paramId": 3,  "category": "General", "paramType": "select",   "type": "char8",  "name": "Packet Type",     "argument": "type"     ,       "value_range":[-1,1], "value_accuracy":6, "options": ["z1", "zT", "z2", "s1"] },
		{ "paramId": 4,  "category": "General", "paramType": "select",   "type": "int64",  "name": "Packet Rate",     "argument": "rate"     ,       "value_range":[-1,1], "value_accuracy":6, "options": [200, 100, 50, 20, 10, 5, 2, 0] },
		{ "paramId": 5,  "category": "General", "paramType": "select",   "type": "int64",  "name": "Accel LPF",       "argument": "xl_lpf",          "value_range":[-1,1], "value_accuracy":6, "options": [50, 40, 25, 20, 10, 5, 2] },
		{ "paramId": 6,  "category": "General", "paramType": "select",   "type": "int64",  "name": "Rate LPF",        "argument": "rate_lpf",        "value_range":[-1,1], "value_accuracy":6, "options": [50, 40, 25, 20, 10, 5, 2] },
		{ "paramId": 7,  "category": "General", "paramType": "select",   "type": "char8",  "name": "Orientation",     "argument": "orien",           "value_range":[-1,1], "value_accuracy":6, "options": ["+X+Y+Z"] },
		{ "paramId": 8,  "category": "Advanced","paramType": "input",    "type": "double", "name": "hard iron x",     "argument": "hard_iron_x",     "value_range":[-1,1], "value_accuracy":6, "options": [0.0 ] },
		{ "paramId": 9,  "category": "Advanced","paramType": "input",    "type": "double", "name": "hard iron y",     "argument": "hard_iron_y",     "value_range":[-1,1], "value_accuracy":6, "options": [0.0 ] },
		{ "paramId": 10, "category": "Advanced","paramType": "input",    "type": "double", "name": "soft iron ratio", "argument": "soft_iron_ratio", "value_range":[-1,1], "value_accuracy":6, "options": [1.0 ] },
		{ "paramId": 11, "category": "Advanced","paramType": "input",    "type": "double", "name": "soft iron angle", "argument": "soft_iron_angle", "value_range":[-1,1], "value_accuracy":6, "options": [0.0 ] },
		{ "paramId": 12, "category": "Advanced","paramType": "input",    "type": "double", "name": "rate bias x",     "argument": "rate_bias_x",     "value_range":[-1,1], "value_accuracy":6, "options": [0.0 ] },
		{ "paramId": 13, "category": "Advanced","paramType": "input",    "type": "double", "name": "rate bias y",     "argument": "rate_bias_y",     "value_range":[-1,1], "value_accuracy":6, "options": [0.0 ] },
		{ "paramId": 14, "category": "Advanced","paramType": "input",    "type": "double", "name": "rate bias z",     "argument": "rate_bias_z",     "value_range":[-1,1], "value_accuracy":6, "options": [0.0 ] },
		{ "paramId": 15, "category": "Advanced","paramType": "input",    "type": "double", "name": "accel bias x",    "argument": "accel_bias_x",    "value_range":[-1,1], "value_accuracy":6, "options": [0.0 ] },
		{ "paramId": 16, "category": "Advanced","paramType": "input",    "type": "double", "name": "accel bias y",    "argument": "accel_bias_y",    "value_range":[-1,1], "value_accuracy":6, "options": [0.0 ] },
		{ "paramId": 17, "category": "Advanced","paramType": "input",    "type": "double", "name": "accel bias z",    "argument": "accel_bias_z",    "value_range":[-1,1], "value_accuracy":6, "options": [0.0 ] }
	],
	"userMessages": {
		"inputPackets": [{
				"name": "pG",
				"description": "Get device serial number & factory ID",
				"inputPayload": {},
				"responsePayload": {
					"type": "string",
					"name": "Device ID and SN"
				}
			},
			{
				"name": "ma",
				"description": "Magnetic alignment control commands",
				"inputPayload": [
					{
						"actionID":  0,
						"actionName": "status"
					},
					{

						"actionID":  1,
						"actionName": "start"
					},
					{
						"actionID":  5,
						"actionName": "save"
					},
					{
						"actionID":  6,
						"actionName": "abort"
					},
					{
						"actionID": 7,
						"actionName": "stored"
					}
				]
			},
			{
				"name": "gV",
				"description": "Get user app version",
				"inputPayload": {},
				"responsePayload": {
					"type": "string",
					"name": "User Version"
				}
			},
			{
				"name": "gA",
				"description": "Get All Configuration Parameters",
				"inputPayload": {},
				"responsePayload": {
					"type": "userConfiguration",
					"name": "Full Current Configuration"
				}
			},
			{
				"name": "gP",
				"description": "Get a Configuration Parameter",
				"inputPayload": {
					"type": "paramId",
					"name": "Request Parameter Id"
				},
				"responsePayload": {
					"type": "userParameter",
					"name": "User Parameter"
				}
			},
			{
				"name": "sC",
				"description": "Save Conifguration Parameters to Flash",
				"inputPayload": {},
				"responsePayload": {}
			},
			{
				"name": "uP",
				"description": "Update Configuration Parameter",
				"inputPayload": {
					"type": "userParameter",
					"name": "Parameter to be Updated"
				},
				"responsePayload": {
					"type": "paramId",
					"name": "ID of the Updated Parameter"
				}
			}
		],
		"outputPackets": [{
				"name": "z1",
				"description": "Scaled 9-Axis IMU",
				"payload": [{
						"type": "uint32",
						"name": "time",
						"unit": "s"
					},
					{
						"type": "float",
						"name": "xAccel",
						"unit": "G"
					},
					{
						"type": "float",
						"name": "yAccel",
						"unit": "G"
					},
					{
						"type": "float",
						"name": "zAccel",
						"unit": "G"
					},
					{
						"type": "float",
						"name": "xRate",
						"unit": "deg/s"
					},
					{
						"type": "float",
						"name": "yRate",
						"unit": "deg/s"
					},
					{
						"type": "float",
						"name": "zRate",
						"unit": "deg/s"
					},
					{
						"type": "float",
						"name": "xMag",
						"unit": "Gauss"
					},
					{
						"type": "float",
						"name": "yMag",
						"unit": "Gauss"
					},
					{
						"type": "float",
						"name": "zMag",
						"unit": "Gauss"
					}
				],
				"graphs": [{
						"name": "Acceleration",
						"units": "m/s/s",
						"xAxis": "Time (s)",
						"yAxes": ["xAccel", "yAccel", "zAccel"],
						"colors": ["#FF0000", "#00FF00", "#0000FF"],
						"yMax": 80
					},
					{
						"name": "Angular Rate",
						"units": "deg/s",
						"xAxis": "Time (s)",
						"yAxes": ["xRate", "yRate", "zRate"],
						"colors": ["#FF0000", "#00FF00", "#0000FF"],
						"yMax": 400
					}
				]
			},
			{
				"name": "z2",
				"description": "Arbitrary type Values",
				"payload": [{
						"type": "uint32",
						"name": "time",
						"unit": "s"
					},
					{
						"type": "uchar",
						"name": "c",
						"unit": ""
					},
					{
						"type": "int16",
						"name": "s",
						"unit": ""
					},
					{
						"type": "int32",
						"name": "i",
						"unit": ""
					},
					{
						"type": "int64",
						"name": "ll",
						"unit": ""
					},
					{
						"type": "double",
						"name": "d",
						"unit": ""
					}
				],
				"graphs": [{
					"name": "Angular Rate",
					"units": "deg/s",
					"xAxis": "Time (s)",
					"yAxes": ["xRate", "yRate", "zRate"],
					"colors": ["#FF0000", "#00FF00", "#0000FF"],
					"yMax": 400
				}]
			},
			{
				"name": "s1",
				"description": "IMU Scaled-Sensor Output Message",
				"payload": [{
						"type": "uint32",
						"name": "timeCntr",
						"unit": "msec"
					},
					{
						"type": "double",
						"name": "time",
						"unit": "s"
					},
					{
						"type": "float",
						"name": "xAccel",
						"unit": "g"
					},
					{
						"type": "float",
						"name": "yAccel",
						"unit": "g"
					},
					{
						"type": "float",
						"name": "zAccel",
						"unit": "g"
					},
					{
						"type": "float",
						"name": "xRate",
						"unit": "deg/s"
					},
					{
						"type": "float",
						"name": "yRate",
						"unit": "deg/s"
					},
					{
						"type": "float",
						"name": "zRate",
						"unit": "deg/s"
					},
					{
						"type": "float",
						"name": "xMag",
						"unit": "G"
					},
					{
						"type": "float",
						"name": "yMag",
						"unit": "G"
					},
					{
						"type": "float",
						"name": "zMag",
						"unit": "G"
					},
					{
						"type": "float",
						"name": "temp",
						"unit": "degC"
					}
				],
				"graphs": [{
						"name": "Acceleration",
						"units": "g",
						"xAxis": "Time (s)",
						"yAxes": ["xAccel", "yAccel", "zAccel"],
						"colors": ["#FF0000", "#00FF00", "#0000FF"],
						"yMax": 5
					},
					{
						"name": "Angular-Rate",
						"units": "deg/s",
						"xAxis": "Time (s)",
						"yAxes": ["xRate", "yRate", "zRate"],
						"colors": ["#FF0000", "#00FF00", "#0000FF"],
						"yMax": 200
					},
					{
						"name": "Magnetic-Field",
						"units": "G",
						"xAxis": "Time (s)",
						"yAxes": ["xMag", "yMag", "zMag"],
						"colors": ["#FF0000", "#00FF00", "#0000FF"],
						"yMax": 5
					},
					{
						"name": "Board-Temperature",
						"units": "degC",
						"xAxis": "Time (s)",
						"yAxes": ["temp"],
						"colors": ["#FF0000"],
						"yMax": 100
					}
				]
			}
		]
	},
	"bootloaderMessages": [{
			"name": "JI",
			"description": "Jump to Bootloader",
			"inputPayload": {},
			"responsePayload": {
				"type": "ack",
				"response": "Acknowledgement"
			}
		},
		{
			"name": "JA",
			"description": "Jump to App",
			"inputPayload": {},
			"responsePayload": {
				"type": "none",
				"response": "Empty"
			}
		},
		{
			"name": "WA",
			"description": "Write App Block",
			"inputPayload": {
				"type": "block",
				"name": "4 byte block address followed by up to 240 bytes data"
			},
			"responsePayload": {
				"type": "ack",
				"response": "Acknowledgement"
			}
		}
	],
	"CLICommands": [{
			"name": "help",
			"description": "CLI help menu",
			"function": "help_handler"
		},
		{
			"name": "exit",
			"description": "exit CLI",
			"function": ""
		},
		{
			"name": "run",
			"description": "Operations defined by users",
			"function": "run_handler"
		},
		{
			"name": "save",
			"description": "Save the configuration into EEPROM",
			"function": "save_handler"
		},
		{
			"name": "connect",
			"description": "Find OpenIMU device",
			"function": "connect_handler"
		},
		{
			"name": "upgrade",
			"description": "Upgrade firmware",
			"function": "upgrade_handler"
		},
		{
			"name": "record",
			"description": "Record output data of OpenIMU on local machine",
			"function": "record_handler"
		},
		{
			"name": "stop",
			"description": "stop recording outputs on local machine",
			"function": "stop_handler"
		},
		{
			"name": "server_start",
			"description": "start server thread and must use exit command to quit",
			"function": "server_start_handler"
		},
		{
			"name": "get",
			"description": "Read the current configuration and output data",
			"function": "get_handler"
		},
		{
			"name": "set",
			"description": "Write parameters to OpenIMU",
			"function": "set_handler"
		}
	]
}

