{
	"Product": "Aceinna OpenRTK330LI",
	"app_version": "23.0x",
	"appName": "RTK_INS",
	"type": "openrtk",
    "description": "High Precision GNSS/INS integrated Positioning Development Platform",
    "initial":{
        "useDefaultUart": 1,
        "uart":[
            {
                "name": "GNSS",
                "value": "com10",
                "enable": 0
            },
            {
                "name": "DEBUG",
                "value": "com11",
                "enable": 0 
            },
            {
                "name": "SDK",
                "value": "com12",
                "enable": 0 
            }
        ],
        "userParameters": [
            {
                "paramId": 14,
                "name": "pri lever arm x",
                "value": 0.0
            },
            {
                "paramId": 15,
                "name": "pri lever arm y",
                "value": 0.0
            },
            {
                "paramId": 16,
                "name": "pri lever arm z",
                "value": 0.0
            },
            {
                "paramId": 17,
                "name": "vrp lever arm x",
                "value": 0.0
            },
            {
                "paramId": 18,
                "name": "vrp lever arm y",
                "value": 0.0
            },
            {
                "paramId": 19,
                "name": "vrp lever arm z",
                "value": 0.0
            },
            {
                "paramId": 20,
                "name": "user lever arm x",
                "value": 0.0
            },
            {
                "paramId": 21,
                "name": "user lever arm y",
                "value": 0.0
            },
            {
                "paramId": 22,
                "name": "user lever arm z",
                "value": 0.0
            },
            {
                "paramId": 23,
                "name": "rotation rbvx",
                "value": 0.0
            },
            {
                "paramId": 24,
                "name": "rotation rbvy",
                "value": 0.0
            },
            {
                "paramId": 25,
                "name": "rotation rbvz",
                "value": 0.0
            }
		],
		"//Open the ntrip configuration if you donot have internet cable":"",
		"//ntrip":[
			{
                "name": "ip",
                "value": "192.168.137.1"
            },
            {
                "name": "port",
                "value": 2101
			},
			{
                "name": "mountPoint",
                "value": "WX02"
            },
            {
                "name": "username",
                "value": "AceNav"
            },
            {
                "name": "password",
                "value": "888888"
            }
		]
    },
	"userConfiguration": [
		{
			"paramId": 0,
			"category": "General",
			"paramType": "disabled",
			"type": "uint16",
			"name": "Data CRC"
		},
		{
			"paramId": 1,
			"category": "General",
			"paramType": "disabled",
			"type": "uint16",
			"name": "Data Size"
		},
		{
			"paramId": 2,
			"category": "General",
			"paramType": "select",
			"type": "uint8",
			"name": "rawimu",
			"options": [
                100,
				50,
				25,
				20,
				10,
				5,
                4,
				2,
                1,
				0
            ]
		},
		{
			"paramId": 3,
			"category": "General",
			"paramType": "select",
			"type": "uint8",
			"name": "bestgnss",
			"options": [
                1,
				0
            ]
		},
        {
			"paramId": 4,
			"category": "General",
			"paramType": "select",
			"type": "uint8",
			"name": "inspvax",
			"options": [
				100,
				50,
				25,
				20,
				10,
				5,
                4,
				2,
                1,
				0
            ]
		},
        {
			"paramId": 5,
			"category": "General",
			"paramType": "select",
			"type": "uint8",
			"name": "odospeed",
			"options": [
				100,
				50,
				25,
				20,
				10,
				5,
                4,
				2,
                1,
				0
            ]
		},
        {
			"paramId": 6,
			"category": "General",
			"paramType": "select",
			"type": "uint8",
			"name": "satellites",
			"options": [
				1,
				0
            ]
		},
        {
			"paramId": 7,
			"category": "General",
			"paramType": "select",
			"type": "uint8",
			"name": "NMEA INS",
			"options": [
				100,
				50,
				25,
				20,
				10,
				5,
                4,
				2,
                1,
				0
            ]
		},
        {
			"paramId": 8,
			"category": "General",
			"paramType": "select",
			"type": "uint8",
			"name": "NMEA GGA",
			"options": [
				1,
				0
            ]
		},
        {
			"paramId": 9,
			"category": "General",
			"paramType": "select",
			"type": "uint8",
			"name": "NMEA RMC",
			"options": [
                1,
				0
            ]
		},
        {
			"paramId": 10,
			"category": "General",
			"paramType": "select",
			"type": "uint8",
			"name": "NMEA PASHR",
			"options": [
				10,
				5,
				2,
                1,
				0
            ]
		},
        {
			"paramId": 11,
			"category": "General",
			"paramType": "select",
			"type": "uint8",
			"name": "NMEA GSA",
			"options": [
				1,
				0
            ]
		},
        {
			"paramId": 12,
			"category": "General",
			"paramType": "select",
			"type": "uint8",
			"name": "NMEA ZDA",
			"options": [
				1,
				0
            ]
		},
        {
			"paramId": 13,
			"category": "General",
			"paramType": "select",
			"type": "uint8",
			"name": "NMEA VTG",
			"options": [
				10,
				5,
				2,
                1,
				0
            ]
		},
		{
			"paramId": 14,
			"category": "INS",
			"paramType": "input",
			"type": "float",
			"name": "pri lever arm x",
			"value_accuracy": 4
		},
		{
			"paramId": 15,
			"category": "INS",
			"paramType": "input",
			"type": "float",
			"name": "pri lever arm y",
			"value_accuracy": 4
		},
		{
			"paramId": 16,
			"category": "INS",
			"paramType": "input",
			"type": "float",
			"name": "pri lever arm z",
			"value_accuracy": 4
		},
        {
			"paramId": 17,
			"category": "INS",
			"paramType": "input",
			"type": "float",
			"name": "vrp lever arm x",
			"value_accuracy": 4
		},
		{
			"paramId": 18,
			"category": "INS",
			"paramType": "input",
			"type": "float",
			"name": "vrp lever arm y",
			"value_accuracy": 4
		},
		{
			"paramId": 19,
			"category": "INS",
			"paramType": "input",
			"type": "float",
			"name": "vrp lever arm z",
			"value_accuracy": 4
		},
        {
			"paramId": 20,
			"category": "INS",
			"paramType": "input",
			"type": "float",
			"name": "user lever arm x",
			"value_accuracy": 4
		},
		{
			"paramId": 21,
			"category": "INS",
			"paramType": "input",
			"type": "float",
			"name": "user lever arm y",
			"value_accuracy": 4
		},
		{
			"paramId": 22,
			"category": "INS",
			"paramType": "input",
			"type": "float",
			"name": "user lever arm z",
			"value_accuracy": 4
		},
        {
			"paramId": 23,
			"category": "INS",
			"paramType": "input",
			"type": "float",
			"name": "rotation rbvx",
			"value_accuracy": 4
		},
		{
			"paramId": 24,
			"category": "INS",
			"paramType": "input",
			"type": "float",
			"name": "rotation rbvy",
			"value_accuracy": 4
		},
		{
			"paramId": 25,
			"category": "INS",
			"paramType": "input",
			"type": "float",
			"name": "rotation rbvz",
			"value_accuracy": 4
		},
        {
			"paramId": 26,
			"category": "Ethnet",
			"paramType": "select",
			"type": "uint16",
			"name": "MODE",
			"options": [
                {"key":"0","value":"DHCP"},
                {"key":"1","value":"STATIC"}
			]
        },
        {
			"paramId": 27,
			"category": "Ethnet",
			"paramType": "input",
			"type": "ip4",
			"name": "STATIC IP"
        },
		{
			"paramId": 28,
			"category": "Ethnet",
			"paramType": "input",
			"type": "ip4",
			"name": "NETMASK"
        },
        {
			"paramId": 29,
			"category": "Ethnet",
			"paramType": "input",
			"type": "ip4",
			"name": "GATEWAY"
        },
        {
			"paramId": 30,
			"category": "Ethnet",
			"paramType": "input",
			"type": "ip6",
			"name": "MAC",
            "disabled":true
        },
        {
			"paramId": 31,
			"category": "RTCM",
			"paramType": "input",
			"type": "uint32",
			"name": "USER TCP MODE",
			"disabled": true
		},
        {
			"paramId": 32,
			"category": "NTRIP CLIENT",
			"paramType": "input",
			"type": "char26",
			"name": "IP",
			"dependsOn": {
				"USER TCP MODE": 0
			}
		},
        {
			"paramId": 33,
			"category": "NTRIP CLIENT",
			"paramType": "input",
			"type": "uint16",
			"name": "PORT",
			"dependsOn": {
				"USER TCP MODE": 0
			}
		},
        {
			"paramId": 34,
			"category": "NTRIP CLIENT",
			"paramType": "input",
			"type": "char20",
			"name": "MOUNT POINT",
			"dependsOn": {
				"USER TCP MODE": 0
			}
		},
		{
			"paramId": 35,
			"category": "NTRIP CLIENT",
			"paramType": "input",
			"type": "char20",
			"name": "USERNAME",
			"dependsOn": {
				"USER TCP MODE": 0
			}
		},
		{
			"paramId": 36,
			"category": "NTRIP CLIENT",
			"paramType": "input",
			"type": "char20",
			"name": "PASSWORD",
			"dependsOn": {
				"USER TCP MODE": 0
			}
		},
        {
			"paramId": 37,
			"category": "ACEINNA OpenARC",
			"paramType": "input",
			"type": "char26",
			"name": "IP",
			"dependsOn": {
				"USER TCP MODE": 1
			}
		},
		{
			"paramId": 38,
			"category": "ACEINNA OpenARC",
			"paramType": "input",
			"type": "uint16",
			"name": "PORT",
            "dependsOn": {
				"USER TCP MODE": 1
			}
		},
		{
			"paramId": 39,
			"category": "ACEINNA OpenARC",
			"paramType": "input",
			"type": "char20",
			"name": "MOUNT POINT",
			"dependsOn": {
				"USER TCP MODE": 1
			}
		},
		{
			"paramId": 40,
			"category": "ACEINNA OpenARC",
			"paramType": "input",
			"type": "char20",
			"name": "USERNAME",
			"dependsOn": {
				"USER TCP MODE": 1
			}
		},
		{
			"paramId": 41,
			"category": "ACEINNA OpenARC",
			"paramType": "input",
			"type": "char20",
			"name": "PASSWORD",
			"dependsOn": {
				"USER TCP MODE": 1
			}
		},
		{
			"paramId": 42,
			"category": "NTRIP SERVER",
			"paramType": "input",
			"type": "char26",
			"name": "IP",
			"dependsOn": {
				"USER TCP MODE": 2
			}
		},
		{
			"paramId": 43,
			"category": "NTRIP SERVER",
			"paramType": "input",
			"type": "uint16",
			"name": "PORT",
			"dependsOn": {
				"USER TCP MODE": 2
			}
		},
		{
			"paramId": 44,
			"category": "NTRIP SERVER",
			"paramType": "input",
			"type": "char20",
			"name": "MOUNT POINT",
			"dependsOn": {
				"USER TCP MODE": 2
			}
		},
		{
			"paramId": 45,
			"category": "NTRIP SERVER",
			"paramType": "input",
			"type": "char20",
			"name": "PASSWORD",
			"dependsOn": {
				"USER TCP MODE": 2
			}
		},
        {
			"paramId": 46,
			"category": "BASE STATION",
			"paramType": "select",
			"type": "uint16",
			"name": "Position Type",
            "options": [
				{
					"key": "0",
					"value": "REFERENCE"
				},
				{
					"key": "1",
					"value": "SPP"
				},
				{
					"key": "2",
					"value": "RTK"
				},
				{
					"key": "3",
					"value": "AUTO"
				}
			],
			"dependsOn": {
				"USER TCP MODE": 2
			}
		},
		{
			"paramId": 47,
			"category": "BASE STATION",
			"paramType": "input",
			"type": "uint16",
			"name": "Station ID",
			"dependsOn": {
				"USER TCP MODE": 2
			}
		},
		{
			"paramId": 48,
			"category": "BASE STATION",
			"paramType": "input",
			"type": "double",
			"name": "Antenna Height(m)",
			"value_accuracy": 4,
			"value_range": [
				0,
				6.5535
			],
			"dependsOn": {
				"USER TCP MODE": 2
			}
		},
		{
			"paramId": 49,
			"category": "BASE STATION",
			"paramType": "input",
			"type": "double",
			"name": "Reference Latitude(deg)",
			"value_accuracy": 8,
            "value_range": [
				-180.0,
				180.0
			],
			"dependsOn": {
				"USER TCP MODE": 2
			}
		},
		{
			"paramId": 50,
			"category": "BASE STATION",
			"paramType": "input",
			"type": "double",
			"name": "Reference Longitude(deg)",
			"value_accuracy": 8,
            "value_range": [
				-90.0,
				90.0
			],
			"dependsOn": {
				"USER TCP MODE": 2
			}
		},
		{
			"paramId": 51,
			"category": "BASE STATION",
			"paramType": "input",
			"type": "double",
			"name": "Reference Height(m)",
			"dependsOn": {
				"USER TCP MODE": 2
			}
		},
        {
			"paramId": 52,
			"category": "CAN",
			"paramType": "input",
			"type": "uint16",
			"name": "ECU ADDRESS"
		},
        {
			"paramId": 53,
			"category": "CAN",
			"paramType": "select",
			"type": "uint16",
			"name": "BAUDRATE",
			"options": [
                {"key":"0","value":"125K"},
                {"key":"1","value":"250K"},
                {"key":"2","value":"500K"},
                {"key":"3","value":"1000K"}
			]
		},
        {
			"paramId": 54,
			"category": "CAN",
			"paramType": "input",
			"type": "uint16",
			"name": "PACKET TYPE",
			"value_range": [
				0, 15
			],
            "value_accuracy": 0
		},
        {
			"paramId": 55,
			"category": "CAN",
			"paramType": "select",
			"type": "uint16",
			"name": "PACKET RATE",
			"options": [
				{"key":"10","value":"10Hz"}
			]
		},
        {
			"paramId": 56,
			"category": "CAN",
			"paramType": "select",
			"type": "uint16",
			"name": "CAN TERMRESISTOR",
			"options": [
				{"key":"0","value":"DISABLE"},
                {"key":"1","value":"ENABLE"}
			]
		},
        {
			"paramId": 57,
			"category": "CAN",
			"paramType": "select",
			"type": "uint16",
			"name": "BAUDRATE DETECT",
			"options": [
				{"key":"0","value":"DISABLE"},
                {"key":"1","value":"ENABLE"}
			]
		},
        {
			"paramId": 58,
			"category": "CAN",
			"paramType": "select",
			"type": "uint32",
			"name": "WHEEL TICK PIN MODE",
			"options": [
				{"key":"0","value":"WHEEL TICK"},
                {"key":"1","value":"SPI"}
			]
		},
        {
			"paramId": 59,
			"category": "CAN",
			"paramType": "select",
			"type": "uint32",
			"name": "CAN MODE",
			"options": [
				{"key":"0","value":"CAN ODO"},
                {"key":"1","value":"J1939"}
			]
		}
	],
	"userMessages": {
		"inputPackets": [
			{
				"name": "pG",
				"description": "Get device serial number & factory ID",
				"inputPayload": {},
				"responsePayload": {
					"type": "string",
					"name": "Device ID and SN"
				}
			},
			{
				"name": "gV",
				"description": "Get user app version",
				"inputPayload": {},
				"responsePayload": {
					"type": "string",
					"name": "User Version"
				}
			},
            {
				"name": "gB",
				"description": "Get Configuration Parameters by Block",
				"inputPayload": {
					"type": "userParameter",
					"name": "Parameter to be Updated"
				},
				"responsePayload": {
					"type": "userConfiguration",
					"name": "Specified Configuration Parameters"
				}
			},
            {
				"name": "sC",
				"description": "Save Conifguration Parameters to Flash",
				"inputPayload": {},
				"responsePayload": {}
			},			
			{
				"name": "uP",
				"description": "Update Configuration Parameter",
				"inputPayload": {
					"type": "userParameter",
					"name": "Parameter to be Updated"
				},
				"responsePayload": {
					"type": "paramId",
					"name": "ID of the Updated Parameter"
				}
			},
            {
				"name": "rD",
				"description": "Restore Defaults Command",
				"inputPayload": {},
				"responsePayload": {}
			}
		],
		"outputPackets": [
			{
                "name": "s1",
                "isList": 0,
                "active": true,
                "payload": [
                    {
                        "type": "uint16",
                        "name": "GPS_Week",
                        "unit": "",
                        "format": ""
                    },
                    {
                        "type": "uint32",
                        "name": "GPS_TimeOfWeek",
                        "unit": "ms",
                        "format": "11.4f"
                    },
                    {
                        "type": "float",
                        "name": "x_accel",
                        "unit": "m/s^2",
                        "format": "14.10f"
                    },
                    {
                        "type": "float",
                        "name": "y_accel",
                        "unit": "m/s^2",
                        "format": "14.10f"
                    },
                    {
                        "type": "float",
                        "name": "z_accel",
                        "unit": "m/s^2",
                        "format": "14.10f"
                    },
                    {
                        "type": "float",
                        "name": "x_gyro",
                        "unit": "deg/s",
                        "format": "14.10f"
                    },
                    {
                        "type": "float",
                        "name": "y_gyro",
                        "unit": "deg/s",
                        "format": "14.10f"
                    },
                    {
                        "type": "float",
                        "name": "z_gyro",
                        "unit": "deg/s",
                        "format": "14.10f"
                    }
                ],
                "graphs": [
					{
						"name": "Acceleration",
						"units": "m/s^2",
						"xAxis": {"name":"GPS_TimeOfWeek", "unit":"s"},
						"yAxes": [
							"x_accel",
							"y_accel",
							"z_accel"
						],
						"colors": [
							"#FF0000",
							"#00FF00",
							"#0000FF"
						],
						"yMax": 20
					},
					{
						"name": "Angular-Rate",
						"units": "deg/s",
						"xAxis": {"name":"GPS_TimeOfWeek", "unit":"s"},
						"yAxes": [
							"x_gyro",
							"y_gyro",
							"z_gyro"
						],
						"colors": [
							"#FF0000",
							"#00FF00",
							"#0000FF"
						],
						"yMax": 200
					}
				]
            },
            {
                "name": "g1",
                "isList": 0,
                "payload": [
                    {
                        "type": "uint16",
                        "name": "GPS_Week",
                        "unit": "",
                        "format": ""
                    },
                    {
                        "type": "uint32",
                        "name": "GPS_TimeOfWeek",
                        "unit": "ms",
                        "format": "11.4f"
                    },
                    {
                        "type": "uint8",
                        "name": "position_type",
                        "unit": "",
                        "format": "3"
                    },
                    {
                        "type": "double",
                        "name": "latitude",
                        "unit": "deg",
                        "format": "14.9f"
                    },
                    {
                        "type": "double",
                        "name": "longitude",
                        "unit": "deg",
                        "format": "14.9f"
                    },
                    {
                        "type": "double",
                        "name": "height",
                        "unit": "m",
                        "format": "10.4f"
                    },
                    {
                        "type": "float",
                        "name": "latitude_standard_deviation",
                        "unit": "m",
                        "format": "10.4f"
                    },
                    {
                        "type": "float",
                        "name": "longitude_standard_deviation",
                        "unit": "m",
                        "format": "10.4f"
                    },
                    {
                        "type": "float",
                        "name": "height_standard_deviation",
                        "unit": "m",
                        "format": "10.4f"
                    },
                    {
                        "type": "uint8",
                        "name": "number_of_satellites",
                        "unit": "",
                        "format": "3"
                    },
                    {
                        "type": "uint8",
                        "name": "number_of_satellites_in_solution",
                        "unit": "",
                        "format": "3"
                    },
                    {
                        "type": "float",
                        "name": "hdop",
                        "unit": "",
                        "format": "5.1f"
                    },
                    {
                        "type": "float",
                        "name": "diffage",
                        "unit": "s",
                        "format": "5.1f"
                    },
                    {
                        "type": "float",
                        "name": "north_vel",
                        "unit": "m/s",
                        "format": "10.4f"
                    },
                    {
                        "type": "float",
                        "name": "east_vel",
                        "unit": "m/s",
                        "format": "10.4f"
                    },
                    {
                        "type": "float",
                        "name": "up_vel",
                        "unit": "m/s",
                        "format": "10.4f"
                    },
                    {
                        "type": "float",
                        "name": "north_vel_standard_deviation",
                        "unit": "m/s",
                        "format": "10.4f"
                    },
                    {
                        "type": "float",
                        "name": "east_vel_standard_deviation",
                        "unit": "m/s",
                        "format": "10.4f"
                    },
                    {
                        "type": "float",
                        "name": "up_vel_standard_deviation",
                        "unit": "m/s",
                        "format": "10.4f"
                    }
                ]
            },
            {
                "name": "i1",
                "isList": 0,
                "payload": [
                    {
                        "type": "uint16",
                        "name": "GPS_Week",
                        "unit": "",
                        "format": ""
                    },
                    {
                        "type": "uint32",
                        "name": "GPS_TimeOfWeek",
                        "unit": "ms",
                        "format": "11.4f"
                    },
                    {
                        "type": "uint8",
                        "name": "ins_status",
                        "unit": "",
                        "format": "3"
                    },
                    {
                        "type": "uint8",
                        "name": "ins_position_type",
                        "unit": "",
                        "format": "3"
                    },
                    {
                        "type": "double",
                        "name": "latitude",
                        "unit": "deg",
                        "format": "14.9f"
                    },
                    {
                        "type": "double",
                        "name": "longitude",
                        "unit": "deg",
                        "format": "14.9f"
                    },
                    {
                        "type": "double",
                        "name": "height",
                        "unit": "m",
                        "format": "10.4f"
                    },
                    {
                        "type": "double",
                        "name": "north_velocity",
                        "unit": "m/s",
                        "format": "10.4f"
                    },
                    {
                        "type": "double",
                        "name": "east_velocity",
                        "unit": "m/s",
                        "format": "10.4f"
                    },
                    {
                        "type": "double",
                        "name": "up_velocity",
                        "unit": "m/s",
                        "format": "10.4f"
                    },
                    {
                        "type": "double",
                        "name": "roll",
                        "unit": "deg",
                        "format": "14.9f"
                    },
                    {
                        "type": "double",
                        "name": "pitch",
                        "unit": "deg",
                        "format": "14.9f"
                    },
                    {
                        "type": "double",
                        "name": "heading",
                        "unit": "deg",
                        "format": "14.9f"
                    },
                    {
                        "type": "float",
                        "name": "latitude_std",
                        "unit": "m",
                        "format": "8.3f"
                    },
                    {
                        "type": "float",
                        "name": "longitude_std",
                        "unit": "m",
                        "format": "8.3f"
                    },
                    {
                        "type": "float",
                        "name": "height_std",
                        "unit": "m",
                        "format": "8.3f"
                    },
                    {
                        "type": "float",
                        "name": "north_velocity_std",
                        "unit": "m/s",
                        "format": "8.3f"
                    },
                    {
                        "type": "float",
                        "name": "east_velocity_std",
                        "unit": "m/s",
                        "format": "8.3f"
                    },
                    {
                        "type": "float",
                        "name": "up_velocity_std",
                        "unit": "m/s",
                        "format": "8.3f"
                    },
                    {
                        "type": "float",
                        "name": "roll_std",
                        "unit": "deg",
                        "format": "8.3f"
                    },
                    {
                        "type": "float",
                        "name": "pitch_std",
                        "unit": "deg",
                        "format": "8.3f"
                    },
                    {
                        "type": "float",
                        "name": "heading_std",
                        "unit": "deg",
                        "format": "8.3f"
                    }
                ]
            },
            {
                "name": "o1",
                "isList": 0,
                "payload": [
                    {
                        "type": "uint16",
                        "name": "GPS_Week",
                        "unit": "",
                        "format": ""
                    },
                    {
                        "type": "uint32",
                        "name": "GPS_TimeOfWeek",
                        "unit": "ms",
                        "format": "11.4f"
                    },
                    {
                        "type": "uint8",
                        "name": "mode",
                        "unit": "",
                        "format": "3"
                    },
                    {
                        "type": "double",
                        "name": "speed",
                        "unit": "m/s",
                        "format": "10.4f"
                    },
                    {
                        "type": "uint8",
                        "name": "fwd",
                        "unit": "",
                        "format": "3"
                    },
                    {
                        "type": "uint64",
                        "name": "wheel_tick",
                        "unit": "",
                        "format": "16"
                    }
                ]
            },
            {
                "name": "y1",
                "isList": 1,
                "payload": [
                    {
                        "type": "uint16",
                        "name": "GPS_Week",
                        "unit": "",
                        "format": ""
                    },
                    {
                        "type": "uint32",
                        "name": "GPS_TimeOfWeek",
                        "unit": "ms",
                        "format": "11.4f"
                    },
                    {
                        "type": "uint8",
                        "name": "satelliteId",
                        "unit": "",
                        "format": "4"
                    },
                    {
                        "type": "uint8",
                        "name": "systemId",
                        "unit": "",
                        "format": "4"
                    },
                    {
                        "type": "uint8",
                        "name": "antennaId",
                        "unit": "",
                        "format": "5"
                    },
                    {
                        "type": "uint8",
                        "name": "l1cn0",
                        "unit": "",
                        "format": "4"
                    },
                    {
                        "type": "uint8",
                        "name": "l2cn0",
                        "unit": "",
                        "format": "4"
                    },
                    {
                        "type": "float",
                        "name": "azimuth",
                        "unit": "deg",
                        "format": "10.3f"
                    },
                    {
                        "type": "float",
                        "name": "elevation",
                        "unit": "deg",
                        "format": "10.3f"
                    }
                ]
            }
		]
	},
	"CLICommands": [{
			"name": "help",
			"description": "CLI help menu",
			"function": "help_handler"
		},
		{
			"name": "exit",
			"description": "exit CLI",
			"function": ""
		},
		{
			"name": "save",
			"description": "Save the configuration into EEPROM",
			"function": "save_handler"
		},
		{
			"name": "upgrade",
			"description": "Upgrade firmware",
			"function": "upgrade_handler"
		},
		{
			"name": "stop",
			"description": "stop recording outputs on local machine",
			"function": "stop_handler"
		},
		{
			"name": "server_start",
			"description": "start server thread and must use exit command to quit",
			"function": "server_start_handler"
		}
	]
}