{
    "version": "23.01",
    "userNMEAList": ["$GPGGA", "$GPRMC", "$GPGSV", "$GLGSV", "$GAGSV", "$BDGSV", "$GPGSA", "$GLGSA", "$GAGSA", "$BDGSA", "$GPZDA", "$GPVTG", "$PASHR", "$GNINS"],
	"userPacketsTypeList": ["01,0a", "02,0a", "03,0a", "04,0a", "05,0a"],
	"userOutputPackets": [
        {
            "name": "01,0a",
            "display": "imu",
            "isList": 0,
            "payload": [
                {
                    "type": "uint16",
                    "name": "GPS_Week",
                    "unit": "",
                    "format": ""
                },
                {
                    "type": "uint32",
                    "name": "GPS_TimeOfWeek",
                    "unit": "ms",
                    "format": "11.4f"
                },
                {
                    "type": "float",
                    "name": "x_accel",
                    "unit": "m/s^2",
                    "format": "14.10f"
                },
                {
                    "type": "float",
                    "name": "y_accel",
                    "unit": "m/s^2",
                    "format": "14.10f"
                },
                {
                    "type": "float",
                    "name": "z_accel",
                    "unit": "m/s^2",
                    "format": "14.10f"
                },
                {
                    "type": "float",
                    "name": "x_gyro",
                    "unit": "deg/s",
                    "format": "14.10f"
                },
                {
                    "type": "float",
                    "name": "y_gyro",
                    "unit": "deg/s",
                    "format": "14.10f"
                },
                {
                    "type": "float",
                    "name": "z_gyro",
                    "unit": "deg/s",
                    "format": "14.10f"
                }
            ]
        },
        {
            "name": "02,0a",
            "display": "GNSS Solution Packet",
            "isList": 0,
            "payload": [
                {
                    "type": "uint16",
                    "name": "GPS_Week",
                    "unit": "",
                    "format": ""
                },
                {
                    "type": "uint32",
                    "name": "GPS_TimeOfWeek",
                    "unit": "ms",
                    "format": "11.4f"
                },
                {
                    "type": "uint8",
                    "name": "position_type",
                    "unit": "",
                    "format": "3"
                },
                {
                    "type": "double",
                    "name": "latitude",
                    "unit": "deg",
                    "format": "14.9f"
                },
                {
                    "type": "double",
                    "name": "longitude",
                    "unit": "deg",
                    "format": "14.9f"
                },
                {
                    "type": "double",
                    "name": "height",
                    "unit": "m",
                    "format": "10.4f"
                },
                {
                    "type": "float",
                    "name": "latitude_standard_deviation",
                    "unit": "m",
                    "format": "10.4f"
                },
                {
                    "type": "float",
                    "name": "longitude_standard_deviation",
                    "unit": "m",
                    "format": "10.4f"
                },
                {
                    "type": "float",
                    "name": "height_standard_deviation",
                    "unit": "m",
                    "format": "10.4f"
                },
                {
                    "type": "uint8",
                    "name": "number_of_satellites",
                    "unit": "",
                    "format": "3"
                },
                {
                    "type": "uint8",
                    "name": "number_of_satellites_in_solution",
                    "unit": "",
                    "format": "3"
                },
                {
                    "type": "float",
                    "name": "hdop",
                    "unit": "",
                    "format": "5.1f"
                },
                {
                    "type": "float",
                    "name": "diffage",
                    "unit": "s",
                    "format": "5.1f"
                },
                {
                    "type": "float",
                    "name": "north_vel",
                    "unit": "m/s",
                    "format": "10.4f"
                },
                {
                    "type": "float",
                    "name": "east_vel",
                    "unit": "m/s",
                    "format": "10.4f"
                },
                {
                    "type": "float",
                    "name": "up_vel",
                    "unit": "m/s",
                    "format": "10.4f"
                },
                {
                    "type": "float",
                    "name": "north_vel_standard_deviation",
                    "unit": "m/s",
                    "format": "10.4f"
                },
                {
                    "type": "float",
                    "name": "east_vel_standard_deviation",
                    "unit": "m/s",
                    "format": "10.4f"
                },
                {
                    "type": "float",
                    "name": "up_vel_standard_deviation",
                    "unit": "m/s",
                    "format": "10.4f"
                }
            ]
        },
        {
            "name": "03,0a",
            "display":"INS Solution Packet",
            "isList": 0,
            "payload": [
                {
                    "type": "uint16",
                    "name": "GPS_Week",
                    "unit": "",
                    "format": ""
                },
                {
                    "type": "uint32",
                    "name": "GPS_TimeOfWeek",
                    "unit": "ms",
                    "format": "11.4f"
                },
                {
                    "type": "uint8",
                    "name": "ins_status",
                    "unit": "",
                    "format": "3"
                },
                {
                    "type": "uint8",
                    "name": "ins_position_type",
                    "unit": "",
                    "format": "3"
                },
                {
                    "type": "double",
                    "name": "latitude",
                    "unit": "deg",
                    "format": "14.9f"
                },
                {
                    "type": "double",
                    "name": "longitude",
                    "unit": "deg",
                    "format": "14.9f"
                },
                {
                    "type": "double",
                    "name": "height",
                    "unit": "m",
                    "format": "10.4f"
                },
                {
                    "type": "float",
                    "name": "north_velocity",
                    "unit": "m/s",
                    "format": "10.4f"
                },
                {
                    "type": "float",
                    "name": "east_velocity",
                    "unit": "m/s",
                    "format": "10.4f"
                },
                {
                    "type": "float",
                    "name": "up_velocity",
                    "unit": "m/s",
                    "format": "10.4f"
                },
                {
                    "type": "float",
                    "name": "longitudinal_velocity",
                    "unit": "m/s",
                    "format": "10.4f"
                },
                {
                    "type": "float",
                    "name": "lateral_velocity",
                    "unit": "m/s",
                    "format": "10.4f"
                },
                {
                    "type": "float",
                    "name": "roll",
                    "unit": "deg",
                    "format": "14.9f"
                },
                {
                    "type": "float",
                    "name": "pitch",
                    "unit": "deg",
                    "format": "14.9f"
                },
                {
                    "type": "float",
                    "name": "heading",
                    "unit": "deg",
                    "format": "14.9f"
                },
                {
                    "type": "float",
                    "name": "latitude_std",
                    "unit": "m",
                    "format": "8.3f"
                },
                {
                    "type": "float",
                    "name": "longitude_std",
                    "unit": "m",
                    "format": "8.3f"
                },
                {
                    "type": "float",
                    "name": "height_std",
                    "unit": "m",
                    "format": "8.3f"
                },
                {
                    "type": "float",
                    "name": "north_velocity_std",
                    "unit": "m/s",
                    "format": "8.3f"
                },
                {
                    "type": "float",
                    "name": "east_velocity_std",
                    "unit": "m/s",
                    "format": "8.3f"
                },
                {
                    "type": "float",
                    "name": "up_velocity_std",
                    "unit": "m/s",
                    "format": "8.3f"
                },
                {
                    "type": "float",
                    "name": "long_vel_std",
                    "unit": "m/s",
                    "format": "8.3f"
                },
                {
                    "type": "float",
                    "name": "lat_vel_std",
                    "unit": "m/s",
                    "format": "8.3f"
                },
                {
                    "type": "float",
                    "name": "roll_std",
                    "unit": "deg",
                    "format": "8.3f"
                },
                {
                    "type": "float",
                    "name": "pitch_std",
                    "unit": "deg",
                    "format": "8.3f"
                },
                {
                    "type": "float",
                    "name": "heading_std",
                    "unit": "deg",
                    "format": "8.3f"
                }
            ]
        },
        {
            "name": "04,0a",
            "display":"Odometer",
            "isList": 0,
            "payload": [
                {
                    "type": "uint16",
                    "name": "GPS_Week",
                    "unit": "",
                    "format": ""
                },
                {
                    "type": "uint32",
                    "name": "GPS_TimeOfWeek",
                    "unit": "ms",
                    "format": "11.4f"
                },
                {
                    "type": "uint8",
                    "name": "mode",
                    "unit": "",
                    "format": "3"
                },
                {
                    "type": "double",
                    "name": "speed",
                    "unit": "m/s",
                    "format": "10.4f"
                },
                {
                    "type": "uint8",
                    "name": "fwd",
                    "unit": "",
                    "format": "3"
                },
                {
                    "type": "uint64",
                    "name": "wheel_tick",
                    "unit": "",
                    "format": "16"
                }
            ]
        },
        {
            "name": "05,0a",
            "display": "Diagnostic Message",
            "isList": 0,
            "payload": [
                {
                    "type": "uint16",
                    "name": "GPS_Week",
                    "unit": "",
                    "format": ""
                },
                {
                    "type": "uint32",
                    "name": "GPS_TimeOfWeek",
                    "unit": "ms",
                    "format": "11.4f"
                },
                {
                    "type": "uint32",
                    "name": "Device Status",
                    "unit": "",
                    "format": ""
                },
                {
                    "type": "float",
                    "name": "IMU Temperature",
                    "unit": "",
                    "format": ""
                },
                {
                    "type": "float",
                    "name": "MCU Temperature",
                    "unit": "",
                    "format": ""
                }
            ]
        }
	]
}