{
	"appVersion": "OpenIMU300ZI Compass 1.1.1",
	"type": "openimu",
	"description": "9-axis OpenIMU with Compass application",
	"userConfiguration": [
    	{ "paramId": 0,"category": "General", "paramType": "disabled", "type": "uint64", "name": "Data CRC" },
		{ "paramId": 1,"category": "General", "paramType": "disabled", "type": "uint64", "name": "Data Size" },
		{ "paramId": 2, "category": "General","paramType": "select", "type": "int64", "name": "Baud Rate", "argument": "baud_rate","value_range":[-1,1], "value_accuracy":6, "options": [115200, 57600, 230400, 38400] },
		{ "paramId": 3, "category": "General","paramType": "select", "type": "char8", "name": "Packet Type", "argument": "type", "value_range":[-1,1],"value_accuracy":6, "options": ["z1", "s1", "c1"],"popular":true },
		{ "paramId": 4, "category": "General","paramType": "select", "type": "int64", "name": "Packet Rate", "argument": "rate", "value_range":[-1,1],"value_accuracy":6, "options": [200, 100, 50, 20, 10, 5, 2, 0],"popular":true },
		{ "paramId": 5, "category": "General","paramType": "select", "type": "int64", "name": "Accel LPF", "argument": "xl_lpf", "value_range":[-1,1],"value_accuracy":6,"options": [50, 40, 25, 20, 10, 5, 2, 0] },
		{ "paramId": 6, "category": "General","paramType": "select", "type": "int64", "name": "Rate LPF", "argument": "rate_lpf", "value_range":[-1,1],"value_accuracy":6,"options": [50, 40, 25, 20, 10, 5, 2, 0] },
		{ "paramId": 7, "category": "General","paramType": "select", "type": "char8", "name": "Orientation", "argument": "orien", "value_range":[-1,1],"value_accuracy":6,"options": ["+X+Y+Z"] },
		{ "paramId": 8, "category": "Advanced","paramType": "disabled", "type": "int64", "name": "GPS Baud Rate", "argument": "gps_baud_rate", "value_range":[-1,1],"value_accuracy":6,"options": [38400, 57600, 115200, 230400 ] },
		{ "paramId": 9, "category": "Advanced","paramType": "disabled", "type": "int64", "name": "GPS Protocol", "argument": "gps_protocol", "value_range":[-1,1],"value_accuracy":6,"options": [{"key":"0","value":"UBLOX_BINARY"},{"key":"1","value":"NOVATEL_BINARY"},{"key":"3","value":"NMEA_TEXT"}]},
		{ "paramId": 10,"category": "Advanced","paramType": "input", "type": "double", "name": "hard iron x", "argument": "hard_iron_x", "value_range":[-1,1],"value_accuracy":6,"options": [0.0 ] },
		{ "paramId": 11, "category": "Advanced","paramType": "input", "type": "double", "name": "hard iron y", "argument": "hard_iron_y", "value_range":[-1,1],"value_accuracy":6,"options": [0.0 ] },
		{ "paramId": 12, "category": "Advanced","paramType": "input", "type": "double", "name": "soft iron ratio", "argument": "soft_iron_ratio", "value_range":[-1,1],"value_accuracy":6,"options": [1.0 ] },
		{ "paramId": 13, "category": "Advanced","paramType": "input", "type": "double", "name": "soft iron angle", "argument": "soft_iron_angle", "value_range":[-1,1],"value_accuracy":6,"options": [0.0 ] }
	],
	"userMessages": {
		"inputPackets": [
			{
				"name": "pG",
				"description": "Get device serial number & factory ID",
				"inputPayload": {},
				"responsePayload": {
					"type": "string",
					"name": "Device ID and SN"
				}
			},
			{
				"name": "ma",
				"description": "Magnetic alignment control commands",
				"inputPayload": [
					{
						"actionID":  0,
						"actionName": "status"
					},
					{

						"actionID":  1,
						"actionName": "start"
					},
					{
						"actionID":  5,
						"actionName": "save"
					},
					{
						"actionID":  6,
						"actionName": "abort"
					},
					{
						"actionID": 7,
						"actionName": "stored"
					}
				],
				"responsePayload": {
					"type": "string",
					"name": "ma action name"
				}
			},
			{
				"name": "gV",
				"description": "Get user app version",
				"inputPayload": {},
				"responsePayload": {
					"type": "string",
					"name": "User Version"
				}
			},
			{
				"name": "gA",
				"description": "Get All Configuration Parameters",
				"inputPayload": {},
				"responsePayload": {
					"type": "userConfiguration",
					"name": "Full Current Configuration"
				}
			},
			{
				"name": "gP",
				"description": "Get a Configuration Parameter",
				"inputPayload": {
					"type": "paramId",
					"name": "Request Parameter Id"
				},
				"responsePayload": {
					"type": "userParameter",
					"name": "User Parameter"
				}
			},
			{
				"name": "sC",
				"description": "Save Conifguration Parameters to Flash",
				"inputPayload": {},
				"responsePayload": {}
			},
			{
				"name": "uP",
				"description": "Update Configuration Parameter",
				"inputPayload": {
					"type": "userParameter",
					"name": "Parameter to be Updated"
				},
				"responsePayload": {
					"type": "paramId",
					"name": "ID of the Updated Parameter"
				}
			}
		],
		"outputPackets": [
			{
				"name": "z1",
				"description": "Scaled 9-Axis IMU",
				"payload": [{
						"type": "uint32",
						"name": "time",
						"unit": "msec"
					},
					{
						"type": "float",
						"name": "xAccel",
						"unit": "m/s^2"
					},
					{
						"type": "float",
						"name": "yAccel",
						"unit": "m/s^2"
					},
					{
						"type": "float",
						"name": "zAccel",
						"unit": "m/s^2"
					},
					{
						"type": "float",
						"name": "xRate",
						"unit": "deg/s"
					},
					{
						"type": "float",
						"name": "yRate",
						"unit": "deg/s"
					},
					{
						"type": "float",
						"name": "zRate",
						"unit": "deg/s"
					},
					{
						"type": "float",
						"name": "xMag",
						"unit": "Gauss"
					},
					{
						"type": "float",
						"name": "yMag",
						"unit": "Gauss"
					},
					{
						"type": "float",
						"name": "zMag",
						"unit": "Gauss"
					}
				],
				"graphs": [{
						"name": "Acceleration",
						"units": "m/s^2",
						"xAxis": "Time (s)",
						"yAxes": ["xAccel", "yAccel", "zAccel"],
						"colors": ["#FF0000", "#00FF00", "#0000FF"],
						"yMax": 80
					},
					{
						"name": "Angular Rate",
						"units": "deg/s",
						"xAxis": "Time (s)",
						"yAxes": ["xRate", "yRate", "zRate"],
						"colors": ["#FF0000", "#00FF00", "#0000FF"],
						"yMax": 400
					},
					{
						"name": "Magnetic-Field",
						"units": "Gauss",
						"xAxis": "Time (s)",
						"yAxes": ["xMag", "yMag", "zMag"],
						"colors": ["#FF0000", "#00FF00", "#0000FF"],
						"yMax": 20
					}
				]
			},
			{
				"name": "s1",
				"description": "IMU Scaled-Sensor Output Message",
				"payload": [{
						"type": "uint32",
						"name": "timeCntr",
						"unit": "msec"
					},
					{
						"type": "double",
						"name": "time",
						"unit": "s"
					},
					{
						"type": "float",
						"name": "xAccel",
						"unit": "m/s^2"
					},
					{
						"type": "float",
						"name": "yAccel",
						"unit": "m/s^2"
					},
					{
						"type": "float",
						"name": "zAccel",
						"unit": "m/s^2"
					},
					{
						"type": "float",
						"name": "xRate",
						"unit": "deg/s"
					},
					{
						"type": "float",
						"name": "yRate",
						"unit": "deg/s"
					},
					{
						"type": "float",
						"name": "zRate",
						"unit": "deg/s"
					},
					{
						"type": "float",
						"name": "xMag",
						"unit": "Gauss"
					},
					{
						"type": "float",
						"name": "yMag",
						"unit": "Gauss"
					},
					{
						"type": "float",
						"name": "zMag",
						"unit": "Gauss"
					},
					{
						"type": "float",
						"name": "temp",
						"unit": "degC"
					}
				],
				"graphs": [{
						"name": "Acceleration",
						"units": "m/s^2",
						"xAxis": "Time (s)",
						"yAxes": ["xAccel", "yAccel", "zAccel"],
						"colors": ["#FF0000", "#00FF00", "#0000FF"],
						"yMax": 5
					},
					{
						"name": "Angular-Rate",
						"units": "deg/s",
						"xAxis": "Time (s)",
						"yAxes": ["xRate", "yRate", "zRate"],
						"colors": ["#FF0000", "#00FF00", "#0000FF"],
						"yMax": 200
					},
					{
						"name": "Magnetic-Field",
						"units": "Gauss",
						"xAxis": "Time (s)",
						"yAxes": ["xMag", "yMag", "zMag"],
						"colors": ["#FF0000", "#00FF00", "#0000FF"],
						"yMax": 5
					},
					{
						"name": "Board-Temperature",
						"units": "degC",
						"xAxis": "Time (s)",
						"yAxes": ["temp"],
						"colors": ["#FF0000"],
						"yMax": 100
					}
				]
			},
			{
				"name": "c1",
				"description": "Leveler Output Message",
				"payload": [{
						"type": "uint32",
						"name": "timeITOW",
						"unit": "msec"
					},
					{
						"type": "double",
						"name": "time",
						"unit": "s"
					},
					{
						"type": "float",
						"name": "roll",
						"unit": "deg"
					},
					{
						"type": "float",
						"name": "pitch",
						"unit": "deg"
					},
					{
						"type": "float",
						"name": "heading",
						"unit": "deg"
					},
					{
						"type": "float",
						"name": "xAccel",
						"unit": "m/s^2"
					},
					{
						"type": "float",
						"name": "yAccel",
						"unit": "m/s^2"
					},
					{
						"type": "float",
						"name": "zAccel",
						"unit": "m/s^2"
					},
					{
						"type": "float",
						"name": "xMag",
						"unit": "Gauss"
					},
					{
						"type": "float",
						"name": "yMag",
						"unit": "Gauss"
					},
					{
						"type": "float",
						"name": "zMag",
						"unit": "Gauss"
					}
				],
				"graphs": [{
						"name": "Acceleration",
						"units": "m/s^2",
						"xAxis": "Time (s)",
						"yAxes": ["xAccel", "yAccel", "zAccel"],
						"colors": ["#FF0000", "#00FF00", "#0000FF"],
						"yMax": 80
					},
					{
						"name": "Attitude (Roll and Pitch)",
						"units": "deg",
						"xAxis": "Time (s)",
						"yAxes": ["roll", "pitch"],
						"colors": ["#FF0000", "#00FF00"],
						"yMax": 90
					},
					{
						"name": "Heading",
						"units": "deg",
						"xAxis": "Time (s)",
						"yAxes": ["heading"],
						"colors": ["#FF0000"],
						"yMax": 200
					},
					{
						"name": "Magnetic-Field",
						"units": "Gauss",
						"xAxis": "Time (s)",
						"yAxes": ["xMag", "yMag", "zMag"],
						"colors": ["#FF0000", "#00FF00", "#0000FF"],
						"yMax": 10
					}
				]
			}
		]
	},
	"bootloaderMessages": [
		{
			"name": "JI",
			"description": "Jump to Bootloader",
			"inputPayload": {},
			"responsePayload": {
				"type": "ack",
				"response": "Acknowledgement"
			}
		},
		{
			"name": "JA",
			"description": "Jump to App",
			"inputPayload": {},
			"responsePayload": {
				"type": "none",
				"response": "Empty"
			}
		},
		{
			"name": "WA",
			"description": "Write App Block",
			"inputPayload": {
				"type": "block",
				"name": "4 byte block address followed by up to 240 bytes data"
			},
			"responsePayload": {
				"type": "ack",
				"response": "Acknowledgement"
			}
		}
	],
	"CLICommands": [
		{
			"name": "help",
			"description": "CLI help menu",
			"function": "help_handler"
		},
		{
			"name": "exit",
			"description": "exit CLI",
			"function": ""
		},
		{
			"name": "run",
			"description": "Operations defined by users",
			"function": "run_handler"
		},
		{
			"name": "save",
			"description": "Save the configuration into EEPROM",
			"function": "save_handler"
		},
		{
			"name": "connect",
			"description": "Find OpenIMU device",
			"function": "connect_handler"
		},
		{
			"name": "upgrade",
			"description": "Upgrade firmware",
			"function": "upgrade_handler"
		},
		{
			"name": "record",
			"description": "Record output data of OpenIMU on local machine",
			"function": "record_handler"
		},
		{
			"name": "stop",
			"description": "stop recording outputs on local machine",
			"function": "stop_handler"
		},
		{
			"name": "server_start",
			"description": "start server thread and must use exit command to quit",
			"function": "server_start_handler"
		},
		{
			"name": "get",
			"description": "Read the current configuration and output data",
			"function": "get_handler"
		},
		{
			"name": "set",
			"description": "Write parameters to OpenIMU",
			"function": "set_handler"
		}
	]
}

