{
  "build": {
    "core": "stm32",
    "cpu": "cortex-m4",
    "extra_flags": [
      "-mcpu=cortex-m4",
      "-mfloat-abi=softfp",
      "-mfpu=fpv4-sp-d16",
      "-DSTM32L4",
      "-DSTM32L431CB",
      "-DSTM32L431xx"
    ],
    "ldscript": "stm32l431cb.ld",
    "f_cpu": "80000000L",
    "mcu": "stm32l431cb"
  },
  "debug": {
    "default_tools": ["stlink"],
    "openocd_target": "stm32l4x",
    "jlink_device": "STM32L431CB",
    "svd_path": "STM32L4x1.svd"
  },
  "frameworks": [],
  "name": "Aceinna OpenIMU 330",
  "upload": {
    "maximum_ram_size": 65536,
    "maximum_size": 131072,
    "protocols": [
      "blackmagic",
      "stlink",
      "jlink"
    ],
    "protocol": "stlink"
  },
  "url": "https://www.aceinna.com/inertial-systems/",
  "vendor": "Aceinna"
}
