{
  "build": {
    "core": "stm32",
    "cpu": "cortex-m4",
    "extra_flags": [
      "-mcpu=cortex-m4",
      "-mfloat-abi=softfp",
      "-mfpu=fpv4-sp-d16",
      "-DSTM32F4",
      "-DSTM32F405RG",
      "-DSTM32F405xx"
    ],
    "ldscript": "stm32f40x.ld",
    "f_cpu": "120000000L",
    "mcu": "stm32f405rg"
  },
  "debug": {
    "default_tools": ["stlink"],
    "openocd_target": "stm32f4x",
    "jlink_device": "STM32F405RG",
    "svd_path": "STM32F40x.svd"
  },
  "frameworks": [],
  "name": "Aceinna MTLT335",
  "upload": {
    "offset_address": "0x08010000",
    "maximum_ram_size": 131072,
    "maximum_size": 1048576,
    "protocols": [
      "blackmagic",
      "stlink",
      "jlink"
    ],
    "protocol": "stlink"
  },
  "url": "https://www.aceinna.com/inertial-systems/",
  "vendor": "Aceinna"
}
